Name,Subtitle,BatteryCapacity,TopSpeed,Acceleration,Range,Efficiency,FastChargeSpeed,Drive,Segment,NumberofSeats, PriceinGermany , PriceinUK ,region,address,aux address,type,power
Opel Amperanulle ,Battery Electric Vehicle ,       58 kWh ,150,4.6,335,173,210,Front Wheel Drive,D,5," $42,990 ", $-   ,NDMC,"Prithviraj Market, Rabindra Nagar, New Delhinull 110003","Electric Vehicle Charger, Prithviraj Market, Rabindra Nagar, New Delhinull 110003",DCnull001,15
Renault Kangoo Maxi ZE 33,Battery Electric Vehicle ,       31 kWh ,130,10,160,194,0,Front Wheel Drive,C,5, $-   ," $31,680 ",NDMC,"Outside RWA Park, Jor Bagh Market, Jor Bagh Colony Road, New Delhinull 110003","Electric Vehicle Charger, Outside RWA Park, Jor Bagh Market, Jor Bagh Colony Road, New Delhinull 110003",DCnull001,15
Nissan Leaf ,Battery Electric Vehicle ,       36 kWh ,144,4.7,220,164,230,Front Wheel Drive,D,5," $29,990 "," $25,995 ",NDMC,"Opposite Dory Pharmacy, Khanna Market, Aliganj, Lodhi Colony, New Delhinull 110003","Electric Vehicle Charger, Opposite Dory Pharmacy, Khanna Market, Aliganj, Lodhi Colony, New Delhinull 110003",DCnull001,15
Audi enulltron Sportback 55 quattro,Battery Electric Vehicle ,       86.5 kWh,200,6.8,375,231,600,All Wheel Drive,D,5, $-   ," $79,900 ",NDMC,"Opposite Goel Opticals, Khanna Market, Aliganj, Lodhi Colony, New Delhinull 110003","Electric Vehicle Charger, Opposite Goel Opticals, Khanna Market, Aliganj, Lodhi Colony, New Delhinull 110003",DCnull001,15
Porsche Taycan Turbo S,Battery Electric Vehicle ,       83.7 kWh,260,9.5,390,215,860,All Wheel Drive,B,4," $186,336 "," $138,830 ",NDMC,"Dharma Marg, Block Y, Diplomatic Enclave, Malcha Market, New Delhinull 110021","Electric Vehicle Charger, Dharma Marg, Block Y, Diplomatic Enclave, Malcha Market, New Delhinull 110021",DCnull001,15
Nissan enullNV200 Evalia ,Battery Electric Vehicle ,       36 kWh ,123,2.8,165,218,170,Front Wheel Drive,F,7," $43,433 "," $30,255 ",NDMC,"Outside Westend Vedi Tailors, Bock M, Middle Circle, Connaught Place, New Delhinull 110001","Electric Vehicle Charger, Outside Westend Vedi Tailors, Bock M, Middle Circle, Connaught Place, New Delhinull 110001",DCnull001,15
Volkswagen ID.3 Pure Performance,Battery Electric Vehicle ,       45 kWh,160,9.6,275,164,260,Rear Wheel Drive,C,5," $31,960 "," $27,120 ",NDMC,"Near NDMC Office, Fire Brigade Lane, Barakhamba, New Delhinull 110001","Electric Vehicle Charger, Near NDMC Office, Fire Brigade Lane, Barakhamba, New Delhinull 110001",DCnull001,15
BMW iX3 ,Battery Electric Vehicle ,       74 kWh,180,8.1,385,192,520,Rear Wheel Drive,B,5," $66,300 "," $58,850 ",NDMC,"Near Bikanervala, Yashwant Place, Chanakyapuri, New Delhinull 110021","Electric Vehicle Charger, Near Bikanervala, Yashwant Place, Chanakyapuri, New Delhinull 110021",DCnull001,15
Nissan Leaf e+,Battery Electric Vehicle ,       56 kWh ,157,5.6,325,172,390,Front Wheel Drive,D,5," $38,350 "," $30,445 ",NDMC,"Khan Market, Rabindra Nagar, New Delhinull 110003","Electric Vehicle Charger, Khan Market, Rabindra Nagar, New Delhinull 110003",DCnull001,15
BMW i3 120 Ah,Battery Electric Vehicle ,       37.9 kWh,150,6.3,235,161,270,Rear Wheel Drive,D,4," $39,000 "," $31,305 ",NDMC,"Outside Devinder Collections, Shankar Market, Connaught Place, New Delhinull 110001","Electric Vehicle Charger, Outside Devinder Collections, Shankar Market, Connaught Place, New Delhinull 110001",DCnull001,15
Mercedes EQA 250,Battery Electric Vehicle ,       66.5 kWh,160,5.1,355,187,420,Front Wheel Drive,D,5," $47,541 "," $43,495 ",NDMC,"Opposite HDFC Bank, Mnull Block, , Connaught Place, New Delhinull 110001","Electric Vehicle Charger, Opposite HDFC Bank, Mnull Block, , Connaught Place, New Delhinull 110001",DCnull001,15
DS 3 Crossback EnullTense,Battery Electric Vehicle ,       45 kWh ,150,7.9,250,180,330,Front Wheel Drive,C,5," $30,040 "," $31,500 ",NDMC,"Outside Oriental Bank, Radial Road No. 7, Block M, Connaught Place, New Delhinull 110001","Electric Vehicle Charger, Outside Oriental Bank, Radial Road No. 7, Block M, Connaught Place, New Delhinull 110001",DCnull001,15
BMW i3s 120 Ah,Battery Electric Vehicle ,       37.9 kWh,160,7.9,230,165,260,Rear Wheel Drive,B,4," $42,600 "," $32,305 ",NDMC,"Outside Jain Bhawan, 12 Shaheed Bhagat Singh Marg, Gole Market, New Delhinull 110001","Electric Vehicle Charger, Outside Jain Bhawan, 12 Shaheed Bhagat Singh Marg, Gole Market, New Delhinull 110001",DCnull001,15
Sono Sion ,Battery Electric Vehicle ,       47 kWh ,140,4,260,181,310,Front Wheel Drive,D,5," $25,500 ", $-   ,NDMC,"NDMC Parking,  Near Ferns n Petals, Near BPCL Petrol Pump,  C Block RR5, Connaught Place,  New Delhinull 110001","Electric Vehicle Charger, NDMC Parking,  Near Ferns n Petals, Near BPCL Petrol Pump,  C Block RR5, Connaught Place,  New Delhinull 110001",DCnull001,15
Audi enulltron GT RS,Battery Electric Vehicle ,       85 kWh,250,9.7,405,210,810,All Wheel Drive,C,4," $138,200 "," $110,950 ",NDMC,"NDMC Parking,  Near Croma, D Block RR5,  Opposite BPCL Petrol Pump,  Connaught Place, New Delhinull 110001","Electric Vehicle Charger, NDMC Parking,  Near Croma, D Block RR5,  Opposite BPCL Petrol Pump,  Connaught Place, New Delhinull 110001",DCnull001,15
Kia enullSoul 64 kWh,Battery Electric Vehicle ,       64 kWh,167,7.9,370,173,350,Front Wheel Drive,C,5, $-   ," $37,545 ",NDMC,"Next to PVR Plaza, H Block RR4, Connaught Place, New Delhinull 110001","Electric Vehicle Charger, Next to PVR Plaza, H Block RR4, Connaught Place, New Delhinull 110001",DCnull001,15
Renault Zoe ZE50 R110,Battery Electric Vehicle ,       52 kWh,135,2.8,315,165,230,Front Wheel Drive,F,5," $31,990 "," $26,795 ",NDMC,"Opposite South Indian Bank, Block E, RR6, Middle Circle, Connaught Place, New Delhinull 110001","Electric Vehicle Charger, Opposite South Indian Bank, Block E, RR6, Middle Circle, Connaught Place, New Delhinull 110001",DCnull001,15
Hyundai IONIQ Electric,Battery Electric Vehicle ,       38.3 kWh,165,11.9,250,153,220,Front Wheel Drive,A,5," $35,350 "," $30,550 ",NDMC,"Opposite HP Petrol Pump, Block E, Middle Circle, Connaught Place, New Delhinull 110001","Electric Vehicle Charger, Opposite HP Petrol Pump, Block E, Middle Circle, Connaught Place, New Delhinull 110001",DCnull001,15
Lightyear One ,Battery Electric Vehicle ,       60 kWh ,150,8.2,575,104,540,All Wheel Drive,B,5," $149,000 ", $-   ,NDMC,"Outside Standard Chartered Bank, Sardar Patel Bhawan, Sansad Marg, New Delhinull 110001","Electric Vehicle Charger, Outside Standard Chartered Bank, Sardar Patel Bhawan, Sansad Marg, New Delhinull 110001",DCnull001,15
Tesla Roadster ,Battery Electric Vehicle ,       200 kWh ,410,7.3,970,206,920,All Wheel Drive,B,4," $215,000 "," $189,000 ",NDMC,"Sarojini Nagar Market, Sarojini Nagar, New Delhinull 110023","Electric Vehicle Charger, Sarojini Nagar Market, Sarojini Nagar, New Delhinull 110023",DCnull001,15
Peugeot enull208 ,Battery Electric Vehicle ,       45 kWh ,150,8.1,275,164,370,Front Wheel Drive,B,5," $30,450 "," $27,225 ",NDMC,"Outside Iqbal Bros., G1, Block G, Connaught Place, New Delhinull 110001","Electric Vehicle Charger, Outside Iqbal Bros., G1, Block G, Connaught Place, New Delhinull 110001",DCnull001,15
Honda e ,Battery Electric Vehicle ,       28.5 kWh ,145,5.1,170,168,190,Rear Wheel Drive,D,4," $33,850 "," $27,660 ",NDMC,"Palika Maternity Hospital, Block 11, Lodhi Colony, Near Khanna Market, New Delhi 110003","Electric Vehicle Charger, Palika Maternity Hospital, Block 11, Lodhi Colony, Near Khanna Market, New Delhi 110003",DCnull001,15
CUPRA Born 110 kW null 55 kWh,Battery Electric Vehicle ,       45 kWh,160,10,275,164,440,Rear Wheel Drive,C,5," $32,700 "," $28,500 ",NDMC,"Outside Chelmsford Club/ Opposite CSIR Building, Rafi Marg, Sansad Marg Area, New Delhi 110001","Electric Vehicle Charger, Outside Chelmsford Club/ Opposite CSIR Building, Rafi Marg, Sansad Marg Area, New Delhi 110001",DCnull001,15
Audi Q4 enulltron 35,Battery Electric Vehicle ,       51.5 kWh,160,3.5,280,184,390,Rear Wheel Drive,F,5," $41,900 "," $40,750 ",NDMC,"FICCI, FICCI Chowk, Mandi House, Todermal Road Area, Mandi House, New Delhi110001","Electric Vehicle Charger, FICCI, FICCI Chowk, Mandi House, Todermal Road Area, Mandi House, New Delhi110001",DCnull001,15
Tesla Model Y Long Range Dual Motor,Battery Electric Vehicle ,       76 kWh ,217,3.4,450,169,750,All Wheel Drive,D,7," $59,965 "," $54,000 ",NDMC,"Charak Palika Hospital, C7 Lane, Moti Bagh 1, Blok F, New Moti Bagh, New Delhi 110021","Electric Vehicle Charger, Charak Palika Hospital, C7 Lane, Moti Bagh 1, Blok F, New Moti Bagh, New Delhi 110021",DCnull001,15
Tesla Model Y Performance,Battery Electric Vehicle ,       76 kWh ,241,7.5,430,177,720,All Wheel Drive,C,7," $66,965 "," $60,000 ",NDMC,"PSOI Club, Chanakyapuri, New Delhi 110021","Electric Vehicle Charger, PSOI Club, Chanakyapuri, New Delhi 110021",DCnull001,15
Porsche Taycan 4 Cross Turismo,Battery Electric Vehicle ,       83.7 kWh,220,9,405,207,850,All Wheel Drive,C,4," $93,635 "," $79,340 ",NDMC,"Near Snow White, Block D, Inner Circle, Connaught Place, New Delhi 110001","Electric Vehicle Charger, Near Snow White, Block D, Inner Circle, Connaught Place, New Delhi 110001",DCnull001,15
Skoda Enyaq iV 50,Battery Electric Vehicle ,       52 kWh,160,4.9,295,176,240,Rear Wheel Drive,C,5," $33,800 ", $-   ,NDMC,"Outside Van Heusen Showroom, Block C, Inner Circle, Connaught Place, New Delhi 110001","Electric Vehicle Charger, Outside Van Heusen Showroom, Block C, Inner Circle, Connaught Place, New Delhi 110001",DCnull001,15
Volkswagen enullUp! ,Battery Electric Vehicle ,       32.3 kWh,130,7.3,205,158,170,Front Wheel Drive,B,4, $-   , $-   ,NDMC,"16nullB, Woodland Showroom, Block B, Connaught Place, New Delhi 110001","Electric Vehicle Charger, 16nullB, Woodland Showroom, Block B, Connaught Place, New Delhi 110001",DCnull001,15
SEAT Mii Electric ,Battery Electric Vehicle ,       32.3 kWh,130,8.5,205,158,170,Front Wheel Drive,B,4," $24,650 ", $-   ,CMRL,Nandanam Metro station Chennai  (CMRL),"Electric Vehicle Charger, Nandanam Metro station Chennai  (CMRL)",DCnull001,15
Opel Corsanulle ,Battery Electric Vehicle ,       45 kWh ,150,6.8,275,164,370,Front Wheel Drive,E,5," $29,000 "," $27,140 ",CMRL,Nandanam Metro station Chennai  (CMRL),"Electric Vehicle Charger, Nandanam Metro station Chennai  (CMRL)",ACnull001,10
MG ZS EV,Battery Electric Vehicle ,       42.5 kWh ,140,7.8,220,193,260,Front Wheel Drive,C,5," $31,990 "," $25,995 ",Maha Metro,"Nagpur Airport Metro Station, Nagpur","Electric Vehicle Charger, Nagpur Airport Metro Station, Nagpur",DCnull001,15
Volkswagen ID.3 Pro,Battery Electric Vehicle ,       58 kWh,160,11.4,350,166,440,Rear Wheel Drive,B,5," $34,995 "," $28,420 ",Maha Metro,"Nagpur Airport Metro Station, Nagpur","Electric Vehicle Charger, Nagpur Airport Metro Station, Nagpur",ACnull001,10
Volkswagen ID.3 Pro S,Battery Electric Vehicle ,       77 kWh,160,3,450,171,550,Rear Wheel Drive,N,4," $41,995 "," $38,800 ",NDMC,"Yashwant Place, Chanakyapuri, New Delhinull 110021","Electric Vehicle Charger, Yashwant Place, Chanakyapuri, New Delhinull 110021",DCnull001,15
Hyundai Kona Electric 64 kWh,Battery Electric Vehicle ,       64 kWh,167,9,395,162,370,Front Wheel Drive,C,5," $41,850 ", $-   ,NDMC,"Outside Bharat Sanchar Bhawan, Ashoke Road, Janpath, New Delhinull 110001","Electric Vehicle Charger, Outside Bharat Sanchar Bhawan, Ashoke Road, Janpath, New Delhinull 110001",DCnull001,15
Renault Zoe ZE50 R135,Battery Electric Vehicle ,       52 kWh,140,7.3,310,168,230,Front Wheel Drive,C,5," $33,990 "," $28,795 ",NDMC,"Gate No. 1, Lodhi Garden, Lodhi Estate, Lodhi Road, New Delhi 110003","Electric Vehicle Charger, Gate No. 1, Lodhi Garden, Lodhi Estate, Lodhi Road, New Delhi 110003",DCnull001,15
Peugeot enull2008 SUV ,Battery Electric Vehicle ,       45 kWh ,150,7.5,250,180,330,Front Wheel Drive,C,5," $35,450 "," $30,730 ",NDMC,"Akashvani Bhawan, Sansad Marg, New Delhi 110001","Electric Vehicle Charger, Akashvani Bhawan, Sansad Marg, New Delhi 110001",DCnull001,15
Audi enulltron 50 quattro,Battery Electric Vehicle ,       64.7 kWh,190,6.5,280,231,470,All Wheel Drive,C,5," $69,100 "," $60,600 ",NDMC,"Opposite IVORY Mart, F Block, Inner Circle, Connaught Place, New Delhi 110001","Electric Vehicle Charger, Opposite IVORY Mart, F Block, Inner Circle, Connaught Place, New Delhi 110001",DCnull001,15
Porsche Taycan Turbo,Battery Electric Vehicle ,       83.7 kWh,260,9.5,400,209,840,All Wheel Drive,B,4," $153,016 "," $115,860 ",NDMC,"Near ICICI Bank/Metro Gate No. 7 & 8, Block A, Inner Circle, Connaught Place, New Delhi 110001","Electric Vehicle Charger, Near ICICI Bank/Metro Gate No. 7 & 8, Block A, Inner Circle, Connaught Place, New Delhi 110001",DCnull001,15
Smart EQ fortwo coupe,Battery Electric Vehicle ,       16.7 kWh ,130,5,100,167,null,Rear Wheel Drive,C,2," $18,460 "," $19,200 ",NDMC,"Gopal Das Building, Barakhamba Road, Connaught Lane, Barakhamba, New Delhi110001","Electric Vehicle Charger, Gopal Das Building, Barakhamba Road, Connaught Lane, Barakhamba, New Delhi110001",DCnull001,15
Smart EQ fortwo cabrio,Battery Electric Vehicle ,       16.7 kWh ,130,3.8,95,176,null,Rear Wheel Drive,F,2," $21,720 "," $21,620 ",NDMC,"Outside UCO Bank, Block H, RR3, Connaught Place, New Delhi","Electric Vehicle Charger, Outside UCO Bank, Block H, RR3, Connaught Place, New Delhi",DCnull001,15
Smart EQ forfour ,Battery Electric Vehicle ,       16.7 kWh ,130,9.9,95,176,null,Rear Wheel Drive,B,4," $19,120 "," $19,795 ",NDMC,"Press Club of India, 1, Raisina Road, Windsor Place, New Delhi110001","Electric Vehicle Charger, Press Club of India, 1, Raisina Road, Windsor Place, New Delhi110001",DCnull001,15
Honda e Advance,Battery Electric Vehicle ,       28.5 kWh ,145,5.7,170,168,190,Rear Wheel Drive,E,4," $38,000 "," $30,160 ",NDMC,"Post Office, Laxmi Bai Nagar, Safderjung Flyover, New Delhi","Electric Vehicle Charger, Post Office, Laxmi Bai Nagar, Safderjung Flyover, New Delhi",DCnull001,15
Byton MnullByte 72 kWh 2WD,Battery Electric Vehicle ,       72 kWh ,190,12.3,325,222,420,Rear Wheel Drive,A,5," $53,500 "," $50,000 ",Noida Authority,"Electronic City , Metro Station parking gate no.2, Noida null 201301","Electric Vehicle Charger, Electronic City , Metro Station parking gate no.2, Noida null 201301",DCnull001,15
Byton MnullByte 95 kWh 4WD,Battery Electric Vehicle ,       95 kWh ,190,12.3,390,244,460,All Wheel Drive,A,5," $64,000 "," $60,000 ",Noida Authority,"H Block market, Haldiram, Car parking , sector null 63 , Noida null 201301","Electric Vehicle Charger, H Block market, Haldiram, Car parking , sector null 63 , Noida null 201301",DCnull001,15
Renault Zoe ZE40 R110,Battery Electric Vehicle ,       41 kWh,135,7.9,255,161,230,Front Wheel Drive,B,5," $29,990 ", $-   ,NDMC,"Side of Hotel Claridges, Tees January Marg, Dr. APJ Abdul Kalam Road, New Delhinull 110003","Electric Vehicle Charger, Side of Hotel Claridges, Tees January Marg, Dr. APJ Abdul Kalam Road, New Delhinull 110003",DCnull001,15
Porsche Taycan 4S,Battery Electric Vehicle ,       71 kWh,250,7.3,375,189,750,All Wheel Drive,B,4," $106,487 "," $83,580 ",NDMC,"Talkatora Garden, President's Estate, New Delhi110004","Electric Vehicle Charger, Talkatora Garden, President's Estate, New Delhi110004",DCnull001,15
Porsche Taycan 4S Plus,Battery Electric Vehicle ,       83.7 kWh,250,4,435,192,910,All Wheel Drive,F,4," $113,008 "," $88,193 ",NDMC,"Talkatora Stadium, President's Estate, New Delhi110004","Electric Vehicle Charger, Talkatora Stadium, President's Estate, New Delhi110004",DCnull001,15
Hyundai Kona Electric 39 kWh,Battery Electric Vehicle ,       39.2 kWh,155,10,250,157,210,Front Wheel Drive,F,5," $34,850 ", $-   ,NDMC,"Indian Coffee House, Connaught Place, New Delhi","Electric Vehicle Charger, Indian Coffee House, Connaught Place, New Delhi",DCnull001,15
Mercedes EQV 300 Long,Battery Electric Vehicle ,       90 kWh,160,9,320,281,280,Front Wheel Drive,C,7," $71,388 "," $70,665 ",CMRL,"High Court Metro Station, Chennai","Electric Vehicle Charger, High Court Metro Station, Chennai",DCnull001,15
Mazda MXnull30 ,Battery Electric Vehicle ,       30 kWh ,140,5.7,170,176,180,Front Wheel Drive,E,5," $34,490 "," $26,045 ",CMRL,"High Court Metro Station, Chennai","Electric Vehicle Charger, High Court Metro Station, Chennai",ACnull001,10
Ford Mustang MachnullE SR RWD,Battery Electric Vehicle ,       68 kWh,180,2.1,345,197,380,Rear Wheel Drive,S,5," $46,900 "," $41,330 ",CMRL,"Koyam Bedu  Metro Station, Chennai","Electric Vehicle Charger, Koyam Bedu  Metro Station, Chennai",DCnull001,15
Ford Mustang MachnullE ER RWD,Battery Electric Vehicle ,       88 kWh,180,8.5,440,200,430,Rear Wheel Drive,B,5," $54,475 "," $49,980 ",CMRL,"Koyam Bedu  Metro Station, Chennai","Electric Vehicle Charger, Koyam Bedu  Metro Station, Chennai",ACnull001,10
Ford Mustang MachnullE SR AWD,Battery Electric Vehicle ,       68 kWh,180,8.8,330,206,360,All Wheel Drive,C,5," $54,000 "," $46,650 ",CMRL,"Anna Nagar East Metro Station, Chennai (CMRL)","Electric Vehicle Charger, Anna Nagar East Metro Station, Chennai (CMRL)",DCnull001,15
Ford Mustang MachnullE ER AWD,Battery Electric Vehicle ,       88 kWh,180,4.6,420,210,410,All Wheel Drive,F,5," $62,900 "," $57,030 ",CMRL,"Anna Nagar East Metro Station, Chennai (CMRL)","Electric Vehicle Charger, Anna Nagar East Metro Station, Chennai (CMRL)",ACnull001,10
Ford Mustang MachnullE GT,Battery Electric Vehicle ,       88 kWh,200,8.3,410,215,400,All Wheel Drive,B,5, $-   ," $67,225 ",NDMC,"NMDC Parking, Dilli Haat, West Kidwai Nagar, New Delhi 110023","Electric Vehicle Charger, NMDC Parking, Dilli Haat, West Kidwai Nagar, New Delhi 110023",DCnull001,15
Audi enulltron Sportback 50 quattro,Battery Electric Vehicle ,       64.7 kWh,190,8.7,295,219,490,All Wheel Drive,B,5," $71,350 "," $69,100 ",NDMC,"Hotel Claridges, Tees January Marg, Dr. APJ Abdul Kalam Road, New Delhinull 110003","Electric Vehicle Charger, Hotel Claridges, Tees January Marg, Dr. APJ Abdul Kalam Road, New Delhinull 110003",DCnull001,15
Tesla Cybertruck Single Motor,Battery Electric Vehicle ,       100 kWh ,180,12.6,390,256,740,Rear Wheel Drive,A,7," $45,000 "," $39,000 ",NDMC,"Janpath Guest House, Connaught Place, New Delhi","Electric Vehicle Charger, Janpath Guest House, Connaught Place, New Delhi",DCnull001,15
Tesla Cybertruck Dual Motor,Battery Electric Vehicle ,       120 kWh ,190,9.7,460,261,710,All Wheel Drive,C,7," $55,000 "," $48,000 ",SDMC,"EESL NnullBlock GKnull1, SDMC parking New Delhi","Electric Vehicle Charger, EESL NnullBlock GKnull1, SDMC parking New Delhi",DCnull001,15
Tesla Cybertruck Tri Motor,Battery Electric Vehicle ,       200 kWh ,210,2.5,750,267,710,All Wheel Drive,F,7," $75,000 "," $68,000 ",SDMC,"SDMC Parking, B6, Safderjung Enclave","Electric Vehicle Charger, SDMC Parking, B6, Safderjung Enclave",DCnull001,15
Lexus UX 300e,Battery Electric Vehicle ,       50 kWh ,160,11.4,260,192,150,Front Wheel Drive,B,5," $47,550 "," $43,900 ",SDMC,"SDMC Parking, SDA Market, Hauz Khas, New Delhi, Delhi 110016","Electric Vehicle Charger, SDMC Parking, SDA Market, Hauz Khas, New Delhi, Delhi 110016",DCnull001,15
BMW i4 eDrive40,Battery Electric Vehicle ,       80.7 kWh,190,3.7,475,170,660,Rear Wheel Drive,D,5," $58,300 "," $51,905 ",SDMC,"SDMC Parking, Aurbindo Market Place,Hauz Khas, New Delhi, Delhi 110016","Electric Vehicle Charger, SDMC Parking, Aurbindo Market Place,Hauz Khas, New Delhi, Delhi 110016",DCnull001,15
Audi enulltron 55 quattro,Battery Electric Vehicle ,       86.5 kWh,200,7.6,365,237,590,All Wheel Drive,C,5, $-   ," $71,500 ",SDMC,"SDMC Parking, R Block, GKnull1, DELHInull110016","Electric Vehicle Charger, SDMC Parking, R Block, GKnull1, DELHInull110016",DCnull001,15
Aiways U5 ,Battery Electric Vehicle ,       63 kWh ,150,4.8,335,188,350,Front Wheel Drive,E,5," $35,993 ", $-   ,NKDA,"Near Tank No 3, Opp Goutams, Street Number 24,Sub Central Business District Action Area 1, Action Area I, Newtown West Bengal 700156","Electric Vehicle Charger, Near Tank No 3, Opp Goutams, Street Number 24,Sub Central Business District Action Area 1, Action Area I, Newtown West Bengal 700156",DCnull001,15
Renault Twingo Electric,Battery Electric Vehicle ,       21.3 kWh,135,7,130,164,null,Rear Wheel Drive,D,4," $24,790 ", $-   ,NKDA,"Near Tank No 3, Opp Goutams, Street Number 24,Sub Central Business District Action Area 1, Action Area I, Newtown West Bengal 700156","Electric Vehicle Charger, Near Tank No 3, Opp Goutams, Street Number 24,Sub Central Business District Action Area 1, Action Area I, Newtown West Bengal 700156",ACnull001,10
Audi enulltron S 55 quattro,Battery Electric Vehicle ,       86.5 kWh,210,4,320,270,510,All Wheel Drive,F,5," $93,800 "," $87,000 ",NKDA,"NKDA New Town Business Club Parking Lot, AE Block(Newtown), Newtown, West Bengal 700059","Electric Vehicle Charger, NKDA New Town Business Club Parking Lot, AE Block(Newtown), Newtown, West Bengal 700059",DCnull001,15
Audi enulltron S Sportback 55 quattro,Battery Electric Vehicle ,       86.5 kWh,210,14,335,258,540,All Wheel Drive,N,5," $96,050 "," $88,700 ",NKDA,"NKDA New Town Business Club Parking Lot, AE Block(Newtown), Newtown, West Bengal 700059","Electric Vehicle Charger, NKDA New Town Business Club Parking Lot, AE Block(Newtown), Newtown, West Bengal 700059",ACnull001,10
Volkswagen ID.4 1st,Battery Electric Vehicle ,       77 kWh,160,5,410,188,500,Rear Wheel Drive,N,5, $-   ," $40,800 ",NKDA,"Parking Lot, 7 Wonders, Gate No 4, Eco Park Entry Plaza, AA IIB, Newtown, Kolkata, West Bengal 700135","Electric Vehicle Charger, Parking Lot, 7 Wonders, Gate No 4, Eco Park Entry Plaza, AA IIB, Newtown, Kolkata, West Bengal 700135",DCnull001,15
Byton MnullByte 95 kWh 2WD,Battery Electric Vehicle ,       95 kWh ,190,22.4,400,238,480,Rear Wheel Drive,N,5," $62,000 "," $57,500 ",NKDA,"Parking Lot, 7 Wonders, Gate No 4, Eco Park Entry Plaza, AA IIB, Newtown, Kolkata, West Bengal 700135","Electric Vehicle Charger, Parking Lot, 7 Wonders, Gate No 4, Eco Park Entry Plaza, AA IIB, Newtown, Kolkata, West Bengal 700135",ACnull001,10
Fiat 500e Cabrio,Battery Electric Vehicle ,       37.3 kWh ,150,6,245,152,410,Front Wheel Drive,D,4," $30,560 "," $26,645 ",NKDA,"Parking Lot Golf Club, Gate no. 6, Ecopark, Deshbandhu Nagar, Rekjuani, West Bengal 700156","Electric Vehicle Charger, Parking Lot Golf Club, Gate no. 6, Ecopark, Deshbandhu Nagar, Rekjuani, West Bengal 700156",DCnull001,15
Opel Mokkanulle ,Battery Electric Vehicle ,       45 kWh ,150,6.9,255,176,340,Front Wheel Drive,B,5," $34,110 "," $30,540 ",NKDA,"Parking Lot Golf Club, Gate no. 6, Ecopark, Deshbandhu Nagar, Rekjuani, West Bengal 700156","Electric Vehicle Charger, Parking Lot Golf Club, Gate no. 6, Ecopark, Deshbandhu Nagar, Rekjuani, West Bengal 700156",ACnull001,10
Skoda Enyaq iV 60,Battery Electric Vehicle ,       58 kWh,160,7,330,176,420,Rear Wheel Drive,C,5," $38,850 "," $31,995 ",NKDA,"NKDA Parking Lot, Beside Tata Memorial Cancer Hospital , 14, MAR(EnullW), DH Block(Newtown), Action Area I, Newtown, Kolkata, West Bengal 700160","Electric Vehicle Charger, NKDA Parking Lot, Beside Tata Memorial Cancer Hospital , 14, MAR(EnullW), DH Block(Newtown), Action Area I, Newtown, Kolkata, West Bengal 700160",DCnull001,15
Skoda Enyaq iV 80,Battery Electric Vehicle ,       77 kWh,160,3.5,420,183,510,Rear Wheel Drive,F,5," $43,950 "," $39,350 ",NKDA,"NKDA Parking Lot, Beside Tata Memorial Cancer Hospital , 14, MAR(EnullW), DH Block(Newtown), Action Area I, Newtown, Kolkata, West Bengal 700160","Electric Vehicle Charger, NKDA Parking Lot, Beside Tata Memorial Cancer Hospital , 14, MAR(EnullW), DH Block(Newtown), Action Area I, Newtown, Kolkata, West Bengal 700160",ACnull001,10
Skoda Enyaq iV 80X,Battery Electric Vehicle ,       77 kWh,160,5.5,405,190,500,All Wheel Drive,E,5," $47,000 "," $42,000 ",NKDA,"NKDA Parking Lot, Beside Axis Mall, CF Block Newtown, Action Area 1C, Newtown, Kolkata, West Bengal 700156","Electric Vehicle Charger, NKDA Parking Lot, Beside Axis Mall, CF Block Newtown, Action Area 1C, Newtown, Kolkata, West Bengal 700156",DCnull001,15
Skoda Enyaq iV RS,Battery Electric Vehicle ,       77 kWh,180,9,395,195,480,All Wheel Drive,C,5," $50,000 "," $45,000 ",NKDA,"NKDA Parking Lot, Beside Axis Mall, CF Block Newtown, Action Area 1C, Newtown, Kolkata, West Bengal 700156","Electric Vehicle Charger, NKDA Parking Lot, Beside Axis Mall, CF Block Newtown, Action Area 1C, Newtown, Kolkata, West Bengal 700156",ACnull001,10
Fiat 500e Hatchback 42 kWh,Battery Electric Vehicle ,       37.3 kWh ,150,9.8,250,149,420,Front Wheel Drive,C,4," $27,560 "," $23,995 ",Noida Authority,"Ganga Shopping Complex, Sector 29, Noida, Uttar Pradesh 201301","Electric Vehicle Charger, Ganga Shopping Complex, Sector 29, Noida, Uttar Pradesh 201301",DCnull001,15
Citroen enullC4 ,Battery Electric Vehicle ,       45 kWh ,150,6.3,250,180,330,Front Wheel Drive,D,5," $34,640 "," $30,895 ",Noida Authority,"Near RTO OfficeSector 33A, Noida, Ghaziabad, Uttar Pradesh, 201301, India","Electric Vehicle Charger, Near RTO OfficeSector 33A, Noida, Ghaziabad, Uttar Pradesh, 201301, India",DCnull001,15
Jaguar InullPace EV400,Battery Electric Vehicle ,       84.7 kWh,200,12.7,365,232,340,All Wheel Drive,A,5," $77,300 "," $65,195 ",Noida Authority,"Sector 15, Nithari, Noida, Dadri, Gautam Buddha Nagar, Uttar Pradesh, 201301, India","Electric Vehicle Charger, Sector 15, Nithari, Noida, Dadri, Gautam Buddha Nagar, Uttar Pradesh, 201301, India",DCnull001,15
Kia enullSoul 64 kWh,Battery Electric Vehicle ,       64 kWh,167,6,370,173,350,Front Wheel Drive,D,5," $37,790 ", $-   ,Noida Authority,"road between sector 124 & 125 and beside SPCl Sector Road, Noida, Uttar Pradesh, 201313","Electric Vehicle Charger, road between sector 124 & 125 and beside SPCl Sector Road, Noida, Uttar Pradesh, 201313",DCnull001,15
Kia enullSoul 39 kWh,Battery Electric Vehicle ,       39.2 kWh,157,3.2,230,170,220,Front Wheel Drive,F,5," $33,990 ", $-   ,Noida Authority,Between kirti mann plaza and NMC hospital Sector 30 Noida,"Electric Vehicle Charger, Between kirti mann plaza and NMC hospital Sector 30 Noida",DCnull001,15
Audi Q4 Sportback enulltron 35,Battery Electric Vehicle ,       51.5 kWh,160,7.3,295,175,410,Rear Wheel Drive,C,5," $43,900 "," $42,250 ",Noida Authority,"Sector 142, Noida, Uttar Pradesh, 201305","Electric Vehicle Charger,  Sector 142, Noida, Uttar Pradesh, 201305",DCnull001,15
Nissan Ariya 63kWh,Battery Electric Vehicle ,       63 kWh,160,2.8,335,188,450,Front Wheel Drive,F,5," $45,000 "," $40,000 ",NDMC,"Outside Chelmsford Club/ Opposite CSIR Building, Rafi Marg, Sansad Marg Area, New Delhi 110001","Electric Vehicle Charger, Outside Chelmsford Club/ Opposite CSIR Building, Rafi Marg, Sansad Marg Area, New Delhi 110001",CCS/ChADEMO/ Type 2 AC,142
Nissan Ariya 87kWh,Battery Electric Vehicle ,       87 kWh,160,11.6,445,196,530,Front Wheel Drive,A,5," $50,000 "," $45,000 ",NDMC,"Gate No. 1, Lodhi Garden, Lodhi Estate, Lodhi Road, New Delhi 110003","Electric Vehicle Charger, Gate No. 1, Lodhi Garden, Lodhi Estate, Lodhi Road, New Delhi 110003",CCS/ChADEMO/ Type 2 AC,142
Nissan Ariya enull4ORCE 63kWh,Battery Electric Vehicle ,       63 kWh,200,6.6,325,194,440,All Wheel Drive,D,5," $50,000 "," $45,000 ",NDMC,"NMDC Parking, Dilli Haat, West Kidwai Nagar, New Delhi 110023","Electric Vehicle Charger, NMDC Parking, Dilli Haat, West Kidwai Nagar, New Delhi 110023",CCS/ChADEMO/ Type 2 AC,142
Nissan Ariya enull4ORCE 87kWh,Battery Electric Vehicle ,       87 kWh,200,10,420,207,500,All Wheel Drive,N,5," $57,500 "," $52,500 ",Noida Authority,"Op. C&R Textiles Ltd, sectornull60, Noida","Electric Vehicle Charger, Op. C&R Textiles Ltd, sectornull60, Noida",DCnull001,15
Nissan Ariya enull4ORCE 87kWh Performance,Battery Electric Vehicle ,       87 kWh,200,9,385,226,460,All Wheel Drive,B,5," $65,000 "," $57,500 ",Noida Authority,"Near Tata Advance Systems, sectornull 59, Noida","Electric Vehicle Charger, Near Tata Advance Systems, sectornull 59, Noida",DCnull001,15
Volkswagen ID.3 Pro Performance,Battery Electric Vehicle ,       58 kWh,160,7,350,166,440,Rear Wheel Drive,N,5," $36,495 "," $29,740 ",Noida Authority,"In front of Marie gold exports ltd, A block, sectornull64, Noida","Electric Vehicle Charger, In front of Marie gold exports ltd, A block, sectornull64, Noida",DCnull001,15
MG MG5 EV,Battery Electric Vehicle ,       48.8 kWh,185,6.8,295,165,340,Front Wheel Drive,E,5, $-   ," $25,095 ",Noida Authority,"In front of Hexagon pvt ltd, sectornull65, Noida","Electric Vehicle Charger, In front of Hexagon pvt ltd, sectornull65, Noida",DCnull001,15
Volkswagen ID.4 Pro Performance,Battery Electric Vehicle ,       77 kWh,160,6.2,410,188,500,Rear Wheel Drive,C,5," $44,450 "," $41,570 ",SDMC,"Charger 4,c/o SDMC, GKnull1 N Block market, New Delhi,, Delhi null 110048","Electric Vehicle Charger, Charger 4,c/o SDMC, GKnull1 N Block market, New Delhi,, Delhi null 110048",CCS/ChADEMO/ Type 2 AC,142
Mercedes EQV 300 ExtranullLong,Battery Electric Vehicle ,       90 kWh,160,9,320,281,280,Front Wheel Drive,C,7," $72,281 ", $-   ,SDMC,"Charger 5, c/o SDMC, GKnull1 N Block market, New Delhi,, Delhi null 110048","Electric Vehicle Charger, Charger 5, c/o SDMC, GKnull1 N Block market, New Delhi,, Delhi null 110048",CCS/ChADEMO/ Type 2 AC,142
Lucid Air Grand Touring,Battery Electric Vehicle ,       110 kWh ,270,4.5,660,167,1380,All Wheel Drive,E,5," $140,000 "," $125,000 ",SDMC,"EESL PVR Priya Vasant Vihar, SDMC parking New Delhi, Near Gold's Gym","Electric Vehicle Charger, EESL PVR Priya Vasant Vihar, SDMC parking New Delhi, Near Gold's Gym",DCnull001,15
Lucid Air Touring,Battery Electric Vehicle ,       85 kWh ,250,11.9,530,160,1390,All Wheel Drive,A,5," $95,000 "," $90,000 ",SDMC,"EESL PVR Priya Vasant Vihar, SDMC parking New Delhi, Near Plot 7","Electric Vehicle Charger, EESL PVR Priya Vasant Vihar, SDMC parking New Delhi, Near Plot 7",DCnull001,15
Lucid Air Pure,Battery Electric Vehicle ,       85 kWh ,200,7.9,540,157,1410,Rear Wheel Drive,B,5," $80,000 "," $70,000 ",SDMC,"EV Parking Slot 3null5, SDMC Parking, Hauz Khas Village, Hauz Khas, 110016","Electric Vehicle Charger, EV Parking Slot 3null5, SDMC Parking, Hauz Khas Village, Hauz Khas, 110016",CCS/ChADEMO/ Type 2 AC,142
Dacia Spring Electric,Battery Electric Vehicle ,       26.8 kWh ,125,5.7,170,158,120,Front Wheel Drive,C,4," $20,490 ", $-   ,SDMC,"EV Parking Slot 5, SDMC Parking, Hauz Khas Village, Hauz Khas, 110016","Electric Vehicle Charger, EV Parking Slot 5, SDMC Parking, Hauz Khas Village, Hauz Khas, 110016",CCS/ChADEMO/ Type 2 AC,142
Tesla Model 3 Standard Range Plus LFP,Battery Electric Vehicle ,       51 kWh ,225,9,340,150,570,Rear Wheel Drive,B,5," $43,560 "," $40,990 ",SDMC,"JnullBlock, Malviya Nagar, parking New Delhi","Electric Vehicle Charger, JnullBlock, Malviya Nagar, parking New Delhi",DCnull001,15
Tesla Model 3 Long Range Dual Motor,Battery Electric Vehicle ,       70 kWh ,233,7.3,455,154,570,All Wheel Drive,C,5, $-   ," $48,490 ",SDMC,"Veer Savarkar Marg, Lajpat Nagar, SDMC parking New Delhi","Electric Vehicle Charger, Veer Savarkar Marg, Lajpat Nagar, SDMC parking New Delhi",DCnull001,15
Tesla Model 3 Performance,Battery Electric Vehicle ,       76 kWh ,261,9.9,470,162,790,All Wheel Drive,B,5," $58,560 "," $59,990 ",SDMC,"Feroze Gandhi Road, Lajpat Nagar, SDMC parking New Delhi","Electric Vehicle Charger, Feroze Gandhi Road, Lajpat Nagar, SDMC parking New Delhi",DCnull001,15
Fiat 500e Hatchback 24 kWh,Battery Electric Vehicle ,       23.8 kWh ,135,7.5,165,144,260,Front Wheel Drive,E,4," $23,560 "," $20,495 ",SDMC,"Meharchand Market, SDMC parking, New Delhi","Electric Vehicle Charger, Meharchand Market, SDMC parking, New Delhi",DCnull001,15
Fiat 500e 3+1,Battery Electric Vehicle ,       37.3 kWh ,150,7.5,245,152,410,Front Wheel Drive,C,4," $29,560 ", $-   ,SDMC,"EESL HnullBlock, Sarita Vihar, SDMC parking New Delhi","Electric Vehicle Charger, EESL HnullBlock, Sarita Vihar, SDMC parking New Delhi",DCnull001,15
Mercedes EQC 400 4MATIC,Battery Electric Vehicle ,       80 kWh,180,4.5,370,216,440,All Wheel Drive,E,5," $66,069 "," $65,720 ",SDMC,"EESL, Plot 81null85, Nehru Place, SDMC Parking, New Delhi","Electric Vehicle Charger, EESL, Plot 81null85, Nehru Place, SDMC Parking, New Delhi",DCnull001,15
Kia enullNiro 64 kWh,Battery Electric Vehicle ,       64 kWh,167,5.9,370,173,350,Front Wheel Drive,C,5," $39,090 "," $32,445 ",NRANVP,"NRANVP, PARYAVAS BHAWAN, NORTH BLOCK, SECTOR 19, NAYA RAYPUR MARG, ATAL NAGAR RAIPUR","Electric Vehicle Charger, NRANVP, PARYAVAS BHAWAN, NORTH BLOCK, SECTOR 19, NAYA RAYPUR MARG, ATAL NAGAR RAIPUR",DCnull001,15
Kia enullNiro 39 kWh,Battery Electric Vehicle ,       39.2 kWh,155,5.1,235,167,230,Front Wheel Drive,C,5," $35,290 "," $30,345 ",NRANVP,"CBDNAVA RAIPUR MARG, SECTOR 21,KAYABANDHA, ATAL NAGAR RAIPUR DIST. 492101 Chhatisgarh","Electric Vehicle Charger, CBDNAVA RAIPUR MARG, SECTOR 21,KAYABANDHA, ATAL NAGAR RAIPUR DIST. 492101 Chhatisgarh",DCnull001,15
Citroen enullSpaceTourer XS 50 kWh,Battery Electric Vehicle ,       45 kWh ,130,7.5,185,243,250,Front Wheel Drive,E,7," $50,880 ", $-   ,Noida Authority,"Diagonally op. Sasta Sundar Hospital, sectornull 58, Noida","Electric Vehicle Charger, Diagonally op. Sasta Sundar Hospital, sectornull 58, Noida",DCnull001,15
Citroen enullSpaceTourer M 50 kWh,Battery Electric Vehicle ,       45 kWh ,130,,185,243,250,Front Wheel Drive,,7," $51,440 "," $31,995 ",Noida Authority,"In front of affinity salon, sectornull 51, Noida","Electric Vehicle Charger, In front of affinity salon, sectornull 51, Noida",DCnull001,15
Citroen enullSpaceTourer XL 50 kWh,Battery Electric Vehicle ,       45 kWh ,130,,180,250,240,Front Wheel Drive,,7," $52,230 ", $-   ,Noida Authority,"Side parking of HCL building, sectornull8, Noida","Electric Vehicle Charger, Side parking of HCL building, sectornull8, Noida",DCnull001,15
Citroen enullSpaceTourer M 75 kWh,Battery Electric Vehicle ,       68 kWh ,130,,270,252,290,Front Wheel Drive,,7," $57,440 ", $-   ,Noida Authority,"Opp Cnull101 Jain air travels, sectornull2, Noida","Electric Vehicle Charger, Opp Cnull101 Jain air travels, sectornull2, Noida",DCnull001,15
Citroen enullSpaceTourer XL 75 kWh,Battery Electric Vehicle ,       68 kWh ,130,,270,252,290,Front Wheel Drive,,7," $58,230 ", $-   ,Noida Authority,"H Block market, Haldiram, Car parking , sector null 63 , Noida null 201301","Electric Vehicle Charger, H Block market, Haldiram, Car parking , sector null 63 , Noida null 201301",CCS/ChADEMO/ Type 2 AC,142
Opel Zafiranulle Life S 50 kWh,Battery Electric Vehicle ,       45 kWh ,130,,185,243,250,Front Wheel Drive,,7," $56,700 ", $-   ,Noida Authority,"Electronic City , Metro Station parking gate no.2, Noida null 201301","Electric Vehicle Charger, Electronic City , Metro Station parking gate no.2, Noida null 201301",CCS/ChADEMO/ Type 2 AC,142
Opel Zafiranulle Life M 50 kWh,Battery Electric Vehicle ,       45 kWh ,130,,185,243,250,Front Wheel Drive,,7," $53,800 ", $-   ,Noida Authority,Between kirti mann plaza and NMC hospital Sector 30 Noida,"Electric Vehicle Charger, Between kirti mann plaza and NMC hospital Sector 30 Noida",CCS/ChADEMO/ Type 2 AC,142
Opel Zafiranulle Life L 50 kWh,Battery Electric Vehicle ,       45 kWh ,130,,180,250,240,Front Wheel Drive,,7," $54,625 "," $49,465 ",Noida Authority,"Near RTO OfficeSector 33A, Noida, Ghaziabad, Uttar Pradesh, 201301, India","Electric Vehicle Charger, Near RTO OfficeSector 33A, Noida, Ghaziabad, Uttar Pradesh, 201301, India",CCS/ChADEMO/ Type 2 AC,142
Opel Zafiranulle Life M 75 kWh,Battery Electric Vehicle ,       68 kWh ,130,,270,252,290,Front Wheel Drive,,7," $59,800 ", $-   ,Noida Authority,"road between sector 124 & 125 and beside SPCl Sector Road, Noida, Uttar Pradesh, 201313","Electric Vehicle Charger, road between sector 124 & 125 and beside SPCl Sector Road, Noida, Uttar Pradesh, 201313",CCS/ChADEMO/ Type 2 AC,142
Opel Zafiranulle Life L 75 kWh,Battery Electric Vehicle ,       68 kWh ,130,,270,252,290,Front Wheel Drive,,7," $60,625 ", $-   ,Noida Authority,"Sector 142, Near Advan Chowk  Noida, Uttar Pradesh, 201305","Electric Vehicle Charger,  Sector 142, Near Advan Chowk  Noida, Uttar Pradesh, 201305",CCS/ChADEMO/ Type 2 AC,142
Peugeot enullTraveller Compact 50 kWh,Battery Electric Vehicle ,       45 kWh ,130,,185,243,250,Front Wheel Drive,,7," $50,880 ", $-   ,Noida Authority,"Sector 61 Opposite Shopprix Mall , Noida, Uttar Pradesh, 201305","Electric Vehicle Charger,  Sector 61 Opposite Shopprix Mall , Noida, Uttar Pradesh, 201305",CCS/ChADEMO/ Type 2 AC,142
Peugeot enullTraveller Standard 50 kWh,Battery Electric Vehicle ,       45 kWh ,130,,185,243,250,Front Wheel Drive,,7," $55,900 "," $49,065 ",Noida Authority,"Sector 50  Central Market, Noida, Uttar Pradesh, 201305","Electric Vehicle Charger,  Sector 50  Central Market, Noida, Uttar Pradesh, 201305",CCS/ChADEMO/ Type 2 AC,142
Peugeot enullTraveller Long 50 kWh,Battery Electric Vehicle ,       45 kWh ,130,,185,243,250,Front Wheel Drive,,7," $56,690 "," $49,905 ",Noida Authority,"Sector 50 , Central Market,  Noida, Uttar Pradesh, 201305","Electric Vehicle Charger,  Sector 50 , Central Market,  Noida, Uttar Pradesh, 201305",CCS/ChADEMO/ Type 2 AC,142
Peugeot enullTraveller Standard 75 kWh,Battery Electric Vehicle ,       68 kWh ,130,,270,252,290,Front Wheel Drive,,7," $57,440 ", $-   ,Noida Authority,"Ganga Shopping Complex, Sector 29, Noida, Uttar Pradesh 201301","Electric Vehicle Charger, Ganga Shopping Complex, Sector 29, Noida, Uttar Pradesh 201301",ACnull001,10
Peugeot enullTraveller Long 75 kWh,Battery Electric Vehicle ,       68 kWh ,130,,270,252,290,Front Wheel Drive,,7," $58,230 ", $-   ,Noida Authority,Between kirti mann plaza and NMC hospital Sector 30 Noida,"Electric Vehicle Charger, Between kirti mann plaza and NMC hospital Sector 30 Noida",ACnull001,10
Audi enulltron 55 quattro,Battery Electric Vehicle ,       86.5 kWh,200,,365,237,590,All Wheel Drive,,5," $81,500 ", $-   ,Noida Authority,"Sector 50  Central Market, Noida, Uttar Pradesh, 201305","Electric Vehicle Charger,  Sector 50  Central Market, Noida, Uttar Pradesh, 201305",ACnull001,10
Audi enulltron Sportback 55 quattro,Battery Electric Vehicle ,       86.5 kWh,200,,375,231,600,All Wheel Drive,,5," $83,750 ", $-   ,Noida Authority,"Sector 15, Nithari, Noida, Dadri, Gautam Buddha Nagar, Uttar Pradesh, 201301, India","Electric Vehicle Charger, Sector 15, Nithari, Noida, Dadri, Gautam Buddha Nagar, Uttar Pradesh, 201301, India",ACnull001,10
Seres 3 ,Battery Electric Vehicle ,       52 kWh ,155,,270,193,390,Front Wheel Drive,,5, $-   , $-   ,SDMC,"c/o SDMCHauz Khas VillageNew Delhi,Delhi null 110016","Electric Vehicle Charger, c/o SDMCHauz Khas VillageNew Delhi,Delhi null 110016",CCS/ChADEMO/ Type 2 AC,142
Hyundai IONIQ 5 Project 45,Battery Electric Vehicle ,       72.6 kWh ,185,,370,196,860,All Wheel Drive,,5," $59,550 "," $48,000 ",NDMC,"Hotel Claridges, Tees January Marg, Dr. APJ Abdul Kalam Road, New Delhinull 110003","Electric Vehicle Charger, Hotel Claridges, Tees January Marg, Dr. APJ Abdul Kalam Road, New Delhinull 110003",CCS/ChADEMO/ Type 2 AC,142
Porsche Taycan ,Battery Electric Vehicle ,       71 kWh,230,,395,180,790,Rear Wheel Drive,,4," $83,520 "," $70,690 ",Noida Authority,"Sector 61 Opposite Shopprix Mall , Noida, Uttar Pradesh, 201305","Electric Vehicle Charger,  Sector 61 Opposite Shopprix Mall , Noida, Uttar Pradesh, 201305",DCnull001,15
Porsche Taycan Plus,Battery Electric Vehicle ,       83.7 kWh,230,,460,182,960,Rear Wheel Drive,,4," $89,244 "," $74,739 ",Noida Authority,"Sector 50 , Central Market,  Noida, Uttar Pradesh, 201305","Electric Vehicle Charger,  Sector 50 , Central Market,  Noida, Uttar Pradesh, 201305",DCnull001,15
Tesla Model S Long Range,Battery Electric Vehicle ,       90 kWh ,250,,555,162,830,All Wheel Drive,,5," $86,990 "," $83,980 ",CMRL,"Chennai Egmore metro, Chennai (CMRL)","Electric Vehicle Charger,  Chennai Egmore metro, Chennai (CMRL)",DCnull001,15
Tesla Model S Plaid,Battery Electric Vehicle ,       90 kWh ,322,,535,168,800,All Wheel Drive,,5," $126,990 "," $118,980 ",CMRL,"Chennai Metro Alandur station Car parking area, Alandur, Chennai 600016","Electric Vehicle Charger, Chennai Metro Alandur station Car parking area, Alandur, Chennai 600016",DCnull001,15
Tesla Model X Long Range,Battery Electric Vehicle ,       90 kWh ,250,,475,189,710,All Wheel Drive,,7," $95,990 "," $90,980 ",SDMC,"Charger 6, c/o SDMC, GKnull1 N Block market, New Delhi,, Delhi null 110048","Electric Vehicle Charger, Charger 6, c/o SDMC, GKnull1 N Block market, New Delhi,, Delhi null 110048",CCS/ChADEMO/ Type 2 AC,142
Tesla Model X Plaid,Battery Electric Vehicle ,       90 kWh ,262,,455,198,680,All Wheel Drive,,7," $116,990 "," $110,980 ",SDMC,"EV Parking Slot 3null5, SDMC Parking, N Block Market, Greater Kailash null 1 , 110048","Electric Vehicle Charger, EV Parking Slot 3null5, SDMC Parking, N Block Market, Greater Kailash null 1 , 110048",CCS/ChADEMO/ Type 2 AC,142
Mini Cooper SE ,Battery Electric Vehicle ,       28.9 kWh,150,,185,156,260,Front Wheel Drive,,4," $32,500 "," $26,000 ",SDMC,"EV Parking Slot 5, SDMC Parking, N Block Market, Greater Kailash null 1 , 110048","Electric Vehicle Charger, EV Parking Slot 5, SDMC Parking, N Block Market, Greater Kailash null 1 , 110048",DCnull001,15
JAC iEV7s ,Battery Electric Vehicle ,       39 kWh,132,,225,173,160,Front Wheel Drive,,5, $-   , $-   ,SDMC,"EV Parking Slot 2, SDMC Parking, Hauz Khas Village, Hauz Khas null 1 , 110016","Electric Vehicle Charger, EV Parking Slot 2, SDMC Parking, Hauz Khas Village, Hauz Khas null 1 , 110016",DCnull001,15
Volkswagen ID.4 Pure Performance,Battery Electric Vehicle ,       52 kWh,160,,285,182,410,Rear Wheel Drive,,5," $38,450 "," $36,030 ",SDMC,"Charger 2, SDMC Parking, Hauz Khas Village, New Delhi","Electric Vehicle Charger, Charger 2, SDMC Parking, Hauz Khas Village, New Delhi",DCnull001,15
Audi enulltron GT quattro,Battery Electric Vehicle ,       85 kWh,245,,420,202,840,All Wheel Drive,,4," $99,800 "," $79,900 ",NDMC,"Back of Hotel Claridges Near NDMC Power Sub Station, Tees January Marg, Dr. APJ Abdul Kalam Road, New Delhinull 110003","Electric Vehicle Charger, Back of Hotel Claridges Near NDMC Power Sub Station, Tees January Marg, Dr. APJ Abdul Kalam Road, New Delhinull 110003",CCS/ChADEMO/ Type 2 AC,142
Volvo C40 Recharge,Battery Electric Vehicle ,       75 kWh,180,,340,221,440,All Wheel Drive,,5," $62,050 "," $57,400 ",Noida Authority,"Charger 1, Sector 2: State Bank of lndia, Noida null UP","Electric Vehicle Charger, Charger 1, Sector 2: State Bank of lndia, Noida null UP",CCS/ChADEMO/ Type 2 AC,142
Hyundai Kona Electric 39 kWh,Battery Electric Vehicle ,       39.2 kWh,155,,250,157,210,Front Wheel Drive,,5," $35,650 "," $27,950 ",Noida Authority,"Charger 2, Sector 2: State Bank of lndia, Noida null UP","Electric Vehicle Charger, Charger 2, Sector 2: State Bank of lndia, Noida null UP",CCS/ChADEMO/ Type 2 AC,142
Hyundai Kona Electric 64 kWh,Battery Electric Vehicle ,       64 kWh,167,,395,162,370,Front Wheel Drive,,5," $41,850 "," $32,550 ",Noida Authority,"Charger 1, Sector 3: Gnull1 to Gnull50, Noida null UP","Electric Vehicle Charger, Charger 1, Sector 3: Gnull1 to Gnull50, Noida null UP",CCS/ChADEMO/ Type 2 AC,142
Porsche Taycan 4S Cross Turismo,Battery Electric Vehicle ,       83.7 kWh,240,,405,207,850,All Wheel Drive,,4," $111,842 "," $87,820 ",Noida Authority,"Charger 2, Sector 3: Gnull1 to Gnull50, Noida null UP","Electric Vehicle Charger, Charger 2, Sector 3: Gnull1 to Gnull50, Noida null UP",CCS/ChADEMO/ Type 2 AC,142
Porsche Taycan Turbo Cross Turismo,Battery Electric Vehicle ,       83.7 kWh,250,,385,217,800,All Wheel Drive,,4," $154,444 "," $116,950 ",Noida Authority,"Charger 1, Sector 3: Fnull7 to Fnull8, Noida UP","Electric Vehicle Charger, Charger 1, Sector 3: Fnull7 to Fnull8, Noida UP",CCS/ChADEMO/ Type 2 AC,142
Porsche Taycan Turbo S Cross Turismo,Battery Electric Vehicle ,       83.7 kWh,250,,380,220,790,All Wheel Drive,,4," $187,746 "," $139,910 ",Noida Authority,"Charger 2, Sector 3: Fnull7 to Fnull8, Noida UP","Electric Vehicle Charger, Charger 2, Sector 3: Fnull7 to Fnull8, Noida UP",CCS/ChADEMO/ Type 2 AC,142
Kia EV6 GT,Battery Electric Vehicle ,       77.4 kWh ,260,,395,196,920,All Wheel Drive,,5," $65,990 "," $58,295 ",Noida Authority,"Charger 1, Sector 6: Reception Noida Authority, Noida, UP","Electric Vehicle Charger, Charger 1, Sector 6: Reception Noida Authority, Noida, UP",CCS/ChADEMO/ Type 2 AC,142
BMW iX xDrive40,Battery Electric Vehicle ,       71 kWh,200,,350,203,470,All Wheel Drive,,5," $77,300 "," $69,905 ",Noida Authority,"Charger 2, Sector 6: Reception Noida Authority, Noida, UP","Electric Vehicle Charger, Charger 2, Sector 6: Reception Noida Authority, Noida, UP",CCS/ChADEMO/ Type 2 AC,142
BMW iX xDrive50,Battery Electric Vehicle ,       105.2 kWh,200,,505,208,620,All Wheel Drive,,5," $98,000 "," $91,905 ",Noida Authority,"Sector 25A, Spice Mall plot area, Noida Authority, Noida, UP","Electric Vehicle Charger, Sector 25A, Spice Mall plot area, Noida Authority, Noida, UP",CCS/ChADEMO/ Type 2 AC,142
MG MG5 Electric,Battery Electric Vehicle ,       57 kWh ,180,,340,168,440,Front Wheel Drive,,5," $35,000 ", $-   ,Noida Authority,"Charger 2, Secnull25A: Spice Mall plot area","Electric Vehicle Charger, Charger 2, Secnull25A: Spice Mall plot area",CCS/ChADEMO/ Type 2 AC,142
MG Marvel R Performance,Battery Electric Vehicle ,       65 kWh ,200,,330,197,380,All Wheel Drive,,5," $50,000 ", $-   ,Noida Authority,"Charger 1, Sector 16: Parking near metro station, sectornull16, Noida, UP","Electric Vehicle Charger, Charger 1, Sector 16: Parking near metro station, sectornull16, Noida, UP",CCS/ChADEMO/ Type 2 AC,142
Hyundai IONIQ 5 Standard Range 2WD,Battery Electric Vehicle ,       58 kWh ,185,,310,187,720,Rear Wheel Drive,,5," $41,900 "," $36,995 ",Noida Authority,"Charger 2, Sector 16: Parking near metro station, sectornull16, Noida, UP","Electric Vehicle Charger, Charger 2, Sector 16: Parking near metro station, sectornull16, Noida, UP",CCS/ChADEMO/ Type 2 AC,142
Hyundai IONIQ 5 Standard Range AWD,Battery Electric Vehicle ,       58 kWh ,185,,305,190,710,All Wheel Drive,,5," $45,700 ", $-   ,ANERT,"DTPC office, thiruvananthapuram,Keralanull 605007","Electric Vehicle Charger, DTPC office, thiruvananthapuram,Keralanull 605007",CCS/ChADEMO/ Type 2 AC,142
Hyundai IONIQ 5 Long Range 2WD,Battery Electric Vehicle ,       72.6 kWh ,185,,385,189,890,Rear Wheel Drive,,5," $45,100 "," $41,945 ",NRANVP,"KTDC Tourist Reception Centre Shanmugham road, Ernakulam, Marine drive, Kochi Keralanull682031","Electric Vehicle Charger, KTDC Tourist Reception Centre Shanmugham road, Ernakulam, Marine drive, Kochi Keralanull682031",CCS/ChADEMO/ Type 2 AC,142
Hyundai IONIQ 5 Long Range AWD,Battery Electric Vehicle ,       72.6 kWh ,185,,375,194,870,All Wheel Drive,,5," $48,900 "," $45,145 ",NRANVP,"State Council For Child Welfare, CV Raman Pillai Rd, Near Kerala, Housing Board, Thycaud, Thiruvananthapuram, Kerala 695014","Electric Vehicle Charger, State Council For Child Welfare, CV Raman Pillai Rd, Near Kerala, Housing Board, Thycaud, Thiruvananthapuram, Kerala 695014",CCS/ChADEMO/ Type 2 AC,142
Kia EV6 Standard Range 2WD,Battery Electric Vehicle ,       58 kWh ,185,,320,181,740,Rear Wheel Drive,,5," $44,990 "," $40,985 ",CMRL,"Tirumangalam Metro station, Chennai","Electric Vehicle Charger, Tirumangalam Metro station, Chennai",CCS/ChADEMO/ Type 2 AC,142
Kia EV6 Long Range 2WD,Battery Electric Vehicle ,       77.4 kWh ,185,,420,184,980,Rear Wheel Drive,,5," $54,990 "," $48,000 ",ANERT,"KTDC Tourist Reception Centre Shanmugham road, Ernakulam, Marine drive, Kochi Keralanull682031","Electric Vehicle Charger, KTDC Tourist Reception Centre Shanmugham road, Ernakulam, Marine drive, Kochi Keralanull682031",CCS/ChADEMO/ Type 2 AC,142
Kia EV6 Long Range AWD,Battery Electric Vehicle ,       77.4 kWh ,185,,410,189,950,All Wheel Drive,,5," $56,000 "," $52,000 ",NDMC,"Akashvani Bhawan, Sansad Marg, New Delhi 110001","Electric Vehicle Charger, Akashvani Bhawan, Sansad Marg, New Delhi 110001",CCS/ChADEMO/ Type 2 AC,142
Mercedes EQS 450+,Battery Electric Vehicle ,       107.8 kWh,210,,640,168,840,Rear Wheel Drive,,5," $106,374 "," $95,000 ",NDMC,"FICCI, FICCI Chowk, Mandi House, New Delhi","Electric Vehicle Charger, FICCI, FICCI Chowk, Mandi House, New Delhi",CCS/ChADEMO/ Type 2 AC,142
Mercedes EQS 580 4MATIC,Battery Electric Vehicle ,       107.8 kWh,210,,610,177,800,All Wheel Drive,,5," $135,529 "," $115,000 ",NDMC,"Near NDMC Office, Fire Brigade Lane, Barakhamba, New Delhinull 110001","Electric Vehicle Charger, Near NDMC Office, Fire Brigade Lane, Barakhamba, New Delhinull 110001",CCS/ChADEMO/ Type 2 AC,142
Tesla Model 3 Standard Range Plus,Battery Electric Vehicle ,       50 kWh ,225,,340,147,680,Rear Wheel Drive,,5," $43,560 "," $40,990 ",NDMC,"Talkatora Stadium, President's Estate, New Delhi110004","Electric Vehicle Charger, Talkatora Stadium, President's Estate, New Delhi110004",CCS/ChADEMO/ Type 2 AC,142
Polestar 2 Standard Range Single Motor,Battery Electric Vehicle ,       61 kWh ,160,,350,174,450,Front Wheel Drive,,5," $46,500 "," $39,900 ",NDMC,"Talkatora Garden, President's Estate, New Delhi110004","Electric Vehicle Charger, Talkatora Garden, President's Estate, New Delhi110004",CCS/ChADEMO/ Type 2 AC,142
Polestar 2 Long Range Single Motor,Battery Electric Vehicle ,       75 kWh ,160,,425,176,550,Front Wheel Drive,,5," $49,500 "," $42,900 ",SDMC,PVR Priya Vasant  Vihar,"Electric Vehicle Charger, PVR Priya Vasant  Vihar",CCS/ChADEMO/ Type 2 AC,142
Polestar 2 Long Range Dual Motor,Battery Electric Vehicle ,       75 kWh ,205,,395,190,510,All Wheel Drive,,5," $52,500 "," $45,900 ",SDMC,"Meharchand Market, New Delhi","Electric Vehicle Charger, Meharchand Market, New Delhi",CCS/ChADEMO/ Type 2 AC,142
Volkswagen ID.4 Pure,Battery Electric Vehicle ,       52 kWh,160,,285,182,410,Rear Wheel Drive,,5," $36,950 "," $32,150 ",SDMC,RK Puram Sector 12 Market,"Electric Vehicle Charger, RK Puram Sector 12 Market",CCS/ChADEMO/ Type 2 AC,142
Audi Q4 enulltron 40,Battery Electric Vehicle ,       76.6 kWh,160,,405,189,500,Rear Wheel Drive,,5," $47,500 "," $44,990 ",CMRL,Saidapet Metro station,"Electric Vehicle Charger, Saidapet Metro station",CCS/ChADEMO/ Type 2 AC,142
Audi Q4 enulltron 50 quattro,Battery Electric Vehicle ,       76.6 kWh,180,,385,199,470,All Wheel Drive,,5," $53,600 "," $51,370 ",CMRL,"Tirumangalam Metro station, Chennai","Electric Vehicle Charger, Tirumangalam Metro station, Chennai",DCnull001,15
Audi Q4 Sportback enulltron 50 quattro,Battery Electric Vehicle ,       76.6 kWh,180,,400,192,490,All Wheel Drive,,5," $55,600 "," $52,870 ",CMRL,Saidapet Metro station,"Electric Vehicle Charger, Saidapet Metro station",DCnull001,15
Mercedes EQB 350 4MATIC,Battery Electric Vehicle ,       66.5 kWh,160,,340,196,400,All Wheel Drive,,7," $60,000 "," $50,000 ",NDMC,"DLF Building, Sansad Marg, Janpath, Connaught Place, New Delhi 110001.","Electric Vehicle Charger, DLF Building, Sansad Marg, Janpath, Connaught Place, New Delhi 110001.",DCnull001,15
Volkswagen ID.4 GTX,Battery Electric Vehicle ,       77 kWh,180,,400,193,490,All Wheel Drive,,5," $50,415 "," $55,540 ",NKDA,"ECO Park,Gate No1,West Bengal:700156","Electric Vehicle Charger, ECO Park,Gate No1,West Bengal:700156",ACnull001,10
Mercedes EQA 300 4MATIC,Battery Electric Vehicle ,       66.5 kWh,160,,350,190,420,All Wheel Drive,,5," $53,538 ", $-   ,NKDA,"Shapoorji complex,New Town,kolkata,West Bengal:700135","Electric Vehicle Charger, Shapoorji complex,New Town,kolkata,West Bengal:700135",ACnull001,10
Mercedes EQA 350 4MATIC,Battery Electric Vehicle ,       66.5 kWh,160,,350,190,420,All Wheel Drive,,5," $56,216 ", $-   ,NKDA,"ECO Park,Gate No1,West Bengal:700156","Electric Vehicle Charger, ECO Park,Gate No1,West Bengal:700156",DCnull001,15
Toyota PROACE Verso M 50 kWh,Battery Electric Vehicle ,       45 kWh ,130,,185,243,250,Front Wheel Drive,,7," $58,530 ", $-   ,NKDA,"Shapoorji complex,New Town,kolkata,West Bengal:700135","Electric Vehicle Charger, Shapoorji complex,New Town,kolkata,West Bengal:700135",DCnull001,15
Toyota PROACE Verso L 50 kWh,Battery Electric Vehicle ,       45 kWh ,130,,180,250,240,Front Wheel Drive,,7," $59,385 ", $-   ,ANERT,"State Council For Child Welfare, CV Raman Pillai Rd, Near Kerala, Housing Board, Thycaud, Thiruvananthapuram, Kerala 695014","Electric Vehicle Charger, State Council For Child Welfare, CV Raman Pillai Rd, Near Kerala, Housing Board, Thycaud, Thiruvananthapuram, Kerala 695014",CCS/ChADEMO/ Type 2 AC,142
Toyota PROACE Verso M 75 kWh,Battery Electric Vehicle ,       68 kWh ,130,,270,252,290,Front Wheel Drive,,7," $64,530 ", $-   ,ANERT,"Shanghumukham beach, thiruvananthapuram,Keralanull 605007","Electric Vehicle Charger, Shanghumukham beach, thiruvananthapuram,Keralanull 605007",DCnull001,15
Toyota PROACE Verso L 75 kWh,Battery Electric Vehicle ,       68 kWh ,130,,270,252,290,Front Wheel Drive,,7," $65,385 ", $-   ,ANERT,"KTDC Tourist Reception Centre Shanmugham road, Ernakulam, Marine drive, Kochi Keralanull682031","Electric Vehicle Charger, KTDC Tourist Reception Centre Shanmugham road, Ernakulam, Marine drive, Kochi Keralanull682031",DCnull001,15
CUPRA Born 150 kW null 62 kWh,Battery Electric Vehicle ,       58 kWh,160,,350,166,440,Rear Wheel Drive,,5," $36,770 "," $30,500 ",ANERT,"State Council For Child Welfare, CV Raman Pillai Rd, Near Kerala, Housing Board, Thycaud, Thiruvananthapuram, Kerala 695014","Electric Vehicle Charger, State Council For Child Welfare, CV Raman Pillai Rd, Near Kerala, Housing Board, Thycaud, Thiruvananthapuram, Kerala 695014",DCnull001,15
CUPRA Born 170 kW null 62 kWh,Battery Electric Vehicle ,       58 kWh,160,,345,168,430,Rear Wheel Drive,,5," $39,000 "," $31,500 ",,,,,
CUPRA Born 170 kW null 82 kWh,Battery Electric Vehicle ,       77 kWh,160,,450,171,550,Rear Wheel Drive,,5," $43,000 "," $42,000 ",,,,,
BMW i4 M50,Battery Electric Vehicle ,       80.7 kWh,225,,450,179,630,All Wheel Drive,,5," $69,900 "," $63,905 ",,,,,
Volvo XC40 Recharge Twin Pure Electric,Battery Electric Vehicle ,       75 kWh,180,,340,221,440,All Wheel Drive,,5," $59,250 "," $49,950 ",,,,,
Renault Megane EnullTech Electric,Battery Electric Vehicle ,       60 kWh ,160,,335,179,480,Front Wheel Drive,,5," $38,000 "," $32,500 ",,,,,
Peugeot enullRifter Standard 50 kWh,Battery Electric Vehicle ,       45 kWh ,135,,200,225,270,Front Wheel Drive,,7," $37,590 "," $30,375 ",,,,,
Peugeot enullRifter Long 50 kWh,Battery Electric Vehicle ,       45 kWh ,135,,195,231,260,Front Wheel Drive,,7," $42,590 "," $32,455 ",,,,,
MG Marvel R ,Battery Electric Vehicle ,       65 kWh ,200,,340,191,390,Rear Wheel Drive,,5," $40,000 ", $-   ,,,,,
Tesla Model 3 Long Range Dual Motor,Battery Electric Vehicle ,       76 kWh ,233,,490,155,820,All Wheel Drive,,5," $53,560 ", $-   ,,,,,
MG MG5 EV Long Range,Battery Electric Vehicle ,       57 kWh ,185,,340,168,340,Front Wheel Drive,,5, $-   ," $26,495 ",,,,,
Audi Q4 enulltron 45 quattro,Battery Electric Vehicle ,       76.6 kWh,180,,385,199,470,All Wheel Drive,,5," $50,900 ", $-   ,,,,,
Audi Q4 Sportback enulltron 40,Battery Electric Vehicle ,       76.6 kWh,160,,425,180,520,Rear Wheel Drive,,5," $49,500 ", $-   ,,,,,
